[
    {
      "id": 1,
      "name": "Drama Book",
      "category": "Free",
      "image": "https://www.columbiactlibrary.org/wp-content/uploads/2012/10/books.png",
      "price": 0,
      "title": "Lorem ipsum dolor sit amet, consectetur adipiscing elit"
    },
    {
      "id": 2,
      "name": "Comedy Book",
      "category": "Paid",
      "image": "https://www.columbiactlibrary.org/wp-content/uploads/2012/10/books.png",
      "price": 10.99,
      "title": "Suspendisse potenti. Nullam fringilla lacus non arcu consequat, at vehicula lacus venenatis"
    },
    {
      "id": 3,
      "name": "Fantasy Book",
      "category": "Free",
      "image": "https://www.columbiactlibrary.org/wp-content/uploads/2012/10/books.png",
      "price": 0,
      "title": "Etiam vitae tortor ut nulla vestibulum tempor non nec sapien"
    },
    {
      "id": 4,
      "name": "Science Fiction Book",
      "category": "Paid",
      "image": "https://www.columbiactlibrary.org/wp-content/uploads/2012/10/books.png",
      "price": 15.50,
      "title": "Praesent dapibus magna sit amet orci lacinia, ut accumsan dolor malesuada"
    },
    {
      "id": 5,
      "name": "Romance Book",
      "category": "Free",
      "image": "https://www.columbiactlibrary.org/wp-content/uploads/2012/10/books.png",
      "price": 0,
      "title": "Fusce auctor quam et odio tristique, in finibus magna vestibulum"
    },
    {
      "id": 6,
      "name": "Thriller Book",
      "category": "Paid",
      "image": "https://www.columbiactlibrary.org/wp-content/uploads/2012/10/books.png",
      "price": 12.99,
      "title": "Aliquam eget leo eget nisi scelerisque blandit a non libero"
    },
    {
      "id": 7,
      "name": "Mystery Book",
      "category": "Free",
      "image": "https://www.columbiactlibrary.org/wp-content/uploads/2012/10/books.png",
      "price": 0,
      "title": "Vestibulum ante ipsum primis in faucibus orci luctus et ultrices posuere cubilia curae"
    },
    {
      "id": 8,
      "name": "Historical Book",
      "category": "Paid",
      "image": "https://www.columbiactlibrary.org/wp-content/uploads/2012/10/books.png",
      "price": 8.99,
      "title": "Mauris euismod, justo eget volutpat suscipit, nisi libero cursus lacus, at volutpat dui orci id orci"
    },
    {
      "id": 9,
      "name": "Adventure Book",
      "category": "Free",
      "image": "https://www.columbiactlibrary.org/wp-content/uploads/2012/10/books.png",
      "price": 0,
      "title": "Sed eget turpis vel erat luctus tincidunt"
    },
    {
      "id": 10,
      "name": "Horror Book",
      "category": "Paid",
      "image": "https://www.columbiactlibrary.org/wp-content/uploads/2012/10/books.png",
      "price": 9.99,
      "title": "Duis fermentum metus sit amet felis venenatis, at fringilla nisi placerat"
    }
  ]
  